{
  "project_info": {
    "project_number": "762424270589",
    "project_id": "mapman-472f0",
    "storage_bucket": "mapman-472f0.appspot.com"
  },
  "client": [
    {
      "client_info": {
        "mobilesdk_app_id": "1:762424270589:android:fd46626dc5051b7686a894",
        "android_client_info": {
          "package_name": "com.az.tos.mapman"
        }
      },
      "oauth_client": [
        {
          "client_id": "762424270589-1pdr51q0abn8n5fk6mdfkv6o7mq17bn2.apps.googleusercontent.com",
          "client_type": 3
        }
      ],
      "api_key": [
        {
          "current_key": "AIzaSyAT0UK9X2qy2rhNQY41fIIXo9HEs-9Kss0"
        }
      ],
      "services": {
        "appinvite_service": {
          "other_platform_oauth_client": [
            {
              "client_id": "762424270589-1pdr51q0abn8n5fk6mdfkv6o7mq17bn2.apps.googleusercontent.com",
              "client_type": 3
            }
          ]
        }
      }
    }
  ],
  "configuration_version": "1"
}